name,location,category,email,site,status,funder,related_tag
The AS8 Organization,"Dhaka, Bangladesh",Neutral,team.as8.org@gmail.com,https://the-as8-organization.github.io/,Active,"10 minute school, Bill & Melinda Gates Foundation",edtech
Vision Green Organization,"Dhaka, Bangladesh",Neutral,visiongreenbd@gmail.com,https://www.visiongreenbd.com/,Active,Bill & Melinda Gates Foundation,environment
TechShoi,"Dhaka, Bangladesh",Market,techshoibd@gmail.com,https://techshoibd.com/,Active,UNICEF Bangladesh,"technology, environment"
Organization 1,"Kishoreganj, Bangladesh",Competitor,org1@gmail.com,,Inactive,,
